Workbook

Sheet Match Summary (Analyst Data)
A1: Wake Forest – Match-by-Match Summary
A3: Date | B3: Opponent | C3: Result | D3: WF Goals | E3: Opp Goals | F3: Pass % | G3: xG (WF) | H3: xG (Opp) | I3: Box Entries | J3: Def Duels Won % | K3: Opp Box Entries | L3: Possession % | M3: PPDA | N3: Avg. Line (m) | O3: Dribble % | P3: Notes
A4: 2025-09-13 | B4: North Carolina Heels | C4: D | D4: 1 | E4: 1 | F4: 84 | G4: 0.6 | H4: 2.4 | I4: 10 | J4: 43 | K4: 22 | L4: 60 | M4: 6.8 | N4: 40.9 | O4: 38 | P4: Pressed well but low duel success
A5: 2025-09-20 | B5: Virginia Cavaliers | C5: L | D5: 3 | E5: 6 | F5: 85 | G5: 2.46 | H5: 2.78 | I5: 19 | J5: 51 | K5: 19 | L5: 61 | M5: 7.2 | N5: 48.1 | O5: 61 | P5: Good possession, poor defense
A6: 2025-09-23 | B6: Liberty Flames | C6: W | D6: 7 | E6: 0 | F6: 85 | G6: 3.43 | H6: 1.11 | I6: 13 | J6: 54 | K6: 9 | L6: 60 | M6: 7.6 | N6: 46.4 | O6: 63 | P6: Best all-around performance
A7: 2025-09-27 | B7: Clemson Tigers | C7: L | D7: 3 | E7: 4 | F7: 86 | G7: 1.55 | H7: 2.29 | I7: 10 | J7: 39 | K7: 20 | L7: 62 | M7: 5.8 | N7: 42.1 | O7: 46 | P7: Strong attack, weak defense
A8: 45935 | B8: Stanford Cardinal | C8: L | D8: 0 | E8: 2 | F8: 76 | G8: 0.71 | H8: 2.47 | I8: 13 | J8: 40 | K8: 21 | L8: 51 | M8: 7.4 | N8: 42.6 | O8: 44 | P8: Low xG, struggled in duels
A9: 45942 | B9: Berkeley Golden Bears | C9: W | D9: 2 | E9: 1 | F9: 69 | G9: 1.88 | H9: 2.52 | I9: 13 | J9: 41 | K9: 27 | L9: 47 | M9: 9.1 | N9: 43.4 | O9: 54 | P9: Efficient attack, poor duels
A10: 45952 | B10: Wofford Terriers | C10: D | D10: 2 | E10: 2 | F10: 87 | G10: 0.63 | H10: 0.78 | I10: 23 | J10: 68 | K10: 7 | L10: 67 | M10: 6.7 | N10: 54 | O10: 57 | P10: Controlled game; low xG creation despite high possession
A11: 45955 | B11: Pittsburgh Panthers (A) | C11: D | D11: 1 | E11: 1 | F11: 79 | G11: 0.47 | H11: 2.99 | I11: 8 | J11: 51 | K11: 15 | L11: 40 | M11: 15.4 | N11: 43.7 | O11: 71 | P11: Resilient road draw; low xG (0.47) but late equalizer. Limited possession (40%) and high PPDA (15.4) under pressure.
A12: 45962 | B12: Notre Dame Fighting Irish (H) | C12: W | D12: 3 | E12: 0 | F12: 87 | G12: 2.36 | H12: 0.19 | I12: 9 | J12: 67 | K12: 5 | L12: 59 | M12: 8.3 | N12: 48.7 | O12: 50 | P12: Controlled win and clean sheet; strong defensive duels (67%) and held ND to 0.19 xG with 59% possession.
A13: 45967 | B13: SMU Mustangs (A) | C13: L | D13: 4 | E13: 5 | F13: 79 | G13: 1.08 | H13: 4.59 | I13: 9 | J13: 56 | K13: 28 | L13: 44 | M13: 7.5 | N13: 45.2 | O13: 68 | P13: High-scoring match; efficient finishing (4 goals) but conceded heavy chances (4.59 xG, 21 shots) and 5 goals.
A14: Tip: Append new games inside the table. Downstream sheets and dashboard link to these columns.

Sheet Post-Match Report
A1: Post-Match Report – Auto (Latest Game)
A3: Latest Index | C3: Metric | D3: Value | E3: Target | F3: Status
A4: =ROWS(MatchData[Date]) -> 10 | C4: Date | D4: =INDEX(MatchData[Date], $A$4) -> 45967 | E4: =IFERROR(INDEX('Targets & Notes'!$B:$B, MATCH($C4, 'Targets & Notes'!$A:$A, 0)),"")
C5: Opponent | D5: =INDEX(MatchData[Opponent], $A$4) -> SMU Mustangs (A) | E5: =IFERROR(INDEX('Targets & Notes'!$B:$B, MATCH($C5, 'Targets & Notes'!$A:$A, 0)),"")
C6: Result | D6: =INDEX(MatchData[Result], $A$4) -> L | E6: =IFERROR(INDEX('Targets & Notes'!$B:$B, MATCH($C6, 'Targets & Notes'!$A:$A, 0)),"")
C7: Score (WF–Opp) | D7: =INDEX(MatchData[WF Goals], $A$4)&"–"&INDEX(MatchData[Opp Goals], $A$4) -> 4–5 | E7: =IFERROR(INDEX('Targets & Notes'!$B:$B, MATCH($C7, 'Targets & Notes'!$A:$A, 0)),"")
C8: Pass % | D8: =INDEX(MatchData[Pass %], $A$4) -> 79 | E8: =IFERROR(INDEX('Targets & Notes'!$B:$B, MATCH($C8, 'Targets & Notes'!$A:$A, 0)),"") -> 85 | F8: =IF(D8>=E8,"On Track","Needs Improvement") -> Needs Improvement
C9: xG (WF) | D9: =INDEX(MatchData[xG (WF)], $A$4) -> 1.08 | E9: =IFERROR(INDEX('Targets & Notes'!$B:$B, MATCH($C9, 'Targets & Notes'!$A:$A, 0)),"") -> 2 | F9: =IF(D9>=E9,"On Track","Needs Improvement") -> Needs Improvement
C10: xG (Opp) | D10: =INDEX(MatchData[xG (Opp)], $A$4) -> 4.59 | E10: =IFERROR(INDEX('Targets & Notes'!$B:$B, MATCH($C10, 'Targets & Notes'!$A:$A, 0)),"") -> 1.5 | F10: =IF(D10<=E10,"On Track","Needs Improvement") -> Needs Improvement
C11: Box Entries | D11: =INDEX(MatchData[Box Entries], $A$4) -> 9 | E11: =IFERROR(INDEX('Targets & Notes'!$B:$B, MATCH($C11, 'Targets & Notes'!$A:$A, 0)),"") -> 12
C12: Def Duels Won % | D12: =INDEX(MatchData[Def Duels Won %], $A$4) -> 56 | E12: =IFERROR(INDEX('Targets & Notes'!$B:$B, MATCH($C12, 'Targets & Notes'!$A:$A, 0)),"")
C13: Opponent Box Entries | D13: =INDEX(MatchData[Opp Box Entries], $A$4) -> 28 | E13: =IFERROR(INDEX('Targets & Notes'!$B:$B, MATCH($C13, 'Targets & Notes'!$A:$A, 0)),"") -> 15 | F13: =IF(D13<=E13,"On Track","Needs Improvement") -> Needs Improvement
C14: PPDA | D14: =INDEX(MatchData[PPDA], $A$4) -> 7.5 | E14: =IFERROR(INDEX('Targets & Notes'!$B:$B, MATCH($C14, 'Targets & Notes'!$A:$A, 0)),"") | F14: =IF(AND(D14>=INDEX('Targets & Notes'!$B:$B, MATCH("PPDA (min)", 'Targets & Notes'!$A:$A, 0)),D14<=INDEX('Targets & Notes'!$B:$B, MATCH("PPDA (max)", 'Targets & Notes'!$A:$A, 0))),"On Track","Needs Improvement") -> On Track
C15: Avg. Line (m) | D15: =INDEX(MatchData[Avg. Line (m)], $A$4) -> 45.2 | E15: =IFERROR(INDEX('Targets & Notes'!$B:$B, MATCH($C15, 'Targets & Notes'!$A:$A, 0)),"") -> 0
C16: Dribble % | D16: =INDEX(MatchData[Dribble %], $A$4) -> 68 | E16: =IFERROR(INDEX('Targets & Notes'!$B:$B, MATCH($C16, 'Targets & Notes'!$A:$A, 0)),"") | F16: =IF(D16>=E16,"On Track","Needs Improvement") -> Needs Improvement
C21: Auto-Insights
C22: =IF($E8<>"", IF($D8>=$E8, "✓ Passing met target.", "• Improve passing under pressure."), "• Review passing performance vs target.") -> • Improve passing under pressure.
C23: =IF($D9>$D10, "✓ Created higher xG than opponent.", "• Opponent xG higher—review defensive shot quality.") -> • Opponent xG higher—review defensive shot quality.
C24: =IF(AND($E13<>"",$D13<=$E13), "✓ Opponent box entries controlled.", "• Too many opponent entries—tighten defensive duels and shape.") -> • Too many opponent entries—tighten defensive duels and shape.

Sheet Targets & Notes
A1: Targets (Edit as needed) & Notes
A3: KPI | B3: Target
A4: Pass % | B4: 85
A5: xG (WF) | B5: 2
A6: Box Entries | B6: 12
A7: Dribble Success % | B7: 55
A8: Defensive Duels Won % | B8: 55
A9: Opponent Box Entries | B9: 15
A10: xG (Opp) | B10: 1.5
A11: Goals Against | B11: 1
A12: PPDA (min) | B12: 6
A13: PPDA (max) | B13: 8
A14: Possession % | B14: 60
A15: Avg. Line (m)
A18: Notes:
A19: • KPI targets reflect season objectives (coach-editable).
A20: • PPDA target is a band (min–max). Lower PPDA = more intense pressing.

Sheet Attacking Metrics
A1: Attacking Metrics – Overview
A3: Metric | B3: Description | C3: Current Avg | D3: Target | E3: Status | F3: Trend
A4: Pass % | B4: Overall pass accuracy | C4: =AVERAGE(MatchData[Pass %]) -> 81.7 | D4: =INDEX('Targets & Notes'!$B:$B, MATCH("Pass %", 'Targets & Notes'!$A:$A, 0)) -> 85 | E4: =IF(C4>=D4,"On Track","Needs Improvement") -> Needs Improvement
A5: xG (WF) | B5: Expected goals created | C5: =AVERAGE(MatchData[xG (WF)]) -> 1.517 | D5: =INDEX('Targets & Notes'!$B:$B, MATCH("xG (WF)", 'Targets & Notes'!$A:$A, 0)) -> 2 | E5: =IF(C5>=D5,"On Track","Needs Improvement") -> Needs Improvement
A6: Box Entries | B6: Possessions reaching opponent penalty area | C6: =AVERAGE(MatchData[Box Entries]) -> 12.7 | D6: =INDEX('Targets & Notes'!$B:$B, MATCH("Box Entries", 'Targets & Notes'!$A:$A, 0)) -> 12 | E6: =IF(C6>=D6,"On Track","Needs Improvement") -> On Track
A7: Dribble Success % | B7: Dribbles ÷ successful dribbles | C7: =AVERAGE(MatchData[Dribble %]) -> 55.2 | D7: =INDEX('Targets & Notes'!$B:$B, MATCH("Dribble Success %", 'Targets & Notes'!$A:$A, 0)) -> 55 | E7: =IF(C7>=D7,"On Track","Needs Improvement") -> On Track

Sheet Defensive Metrics
A1: Defensive Metrics – Overview
A3: Metric | B3: Description | C3: Current Avg | D3: Target | E3: Status | F3: Trend
A4: Defensive Duels Won % | B4: From 'Defensive duels / won' | C4: =AVERAGE(MatchData[Def Duels Won %]) -> 51 | D4: =INDEX('Targets & Notes'!$B:$B, MATCH("Defensive Duels Won %", 'Targets & Notes'!$A:$A, 0)) -> 55 | E4: =IF(C4>=D4,"On Track","Needs Improvement") -> Needs Improvement
A5: Opponent xG | B5: Expected goals conceded | C5: =AVERAGE(MatchData[xG (Opp)]) -> 2.212 | D5: =INDEX('Targets & Notes'!$B:$B, MATCH("xG (Opp)", 'Targets & Notes'!$A:$A, 0)) -> 1.5 | E5: =IF(C5<=D5,"On Track","Needs Improvement") -> Needs Improvement
A6: Goals Against | B6: Actual goals conceded | C6: =AVERAGE(MatchData[Opp Goals]) -> 2.2 | D6: =INDEX('Targets & Notes'!$B:$B, MATCH("Goals Against", 'Targets & Notes'!$A:$A, 0)) -> 1 | E6: =IF(C6<=D6,"On Track","Needs Improvement") -> Needs Improvement
A7: Opponent Box Entries | B7: Opp. possessions reaching penalty area | C7: =AVERAGE(MatchData[Opp Box Entries]) -> 17.3 | D7: =INDEX('Targets & Notes'!$B:$B, MATCH("Opponent Box Entries", 'Targets & Notes'!$A:$A, 0)) -> 15 | E7: =IF(C7<=D7,"On Track","Needs Improvement") -> Needs Improvement

Sheet Possession & Structure
A1: Possession & Structure – Overview
A3: Metric | B3: Description | C3: Current Avg | D3: Target | E3: Status | F3: Trend
A4: Possession % | B4: Team possession share | C4: =AVERAGE(MatchData[Possession %]) -> 55.1 | D4: =INDEX('Targets & Notes'!$B:$B, MATCH("Possession %", 'Targets & Notes'!$A:$A, 0)) -> 60 | E4: ="Stable" -> Stable
A5: PPDA | B5: Pressing intensity (passes allowed per defensive action) | C5: =AVERAGE(MatchData[PPDA]) -> 8.18 | D5: ="Target: "&INDEX('Targets & Notes'!$B:$B, MATCH("PPDA (min)", 'Targets & Notes'!$A:$A, 0))&"–"&INDEX('Targets & Notes'!$B:$B, MATCH("PPDA (max)", 'Targets & Notes'!$A:$A, 0)) -> Target: 6–8 | E5: =IF(AND(C5>=INDEX('Targets & Notes'!$B:$B, MATCH("PPDA (min)", 'Targets & Notes'!$A:$A, 0)), C5<=INDEX('Targets & Notes'!$B:$B, MATCH("PPDA (max)", 'Targets & Notes'!$A:$A, 0))),"On Track","Needs Improvement") -> Needs Improvement
A6: Average Formation Line (m) | B6: Team defensive line height | C6: =AVERAGE(MatchData[Avg. Line (m)]) -> 45.51 | D6: Stable | E6: Stable

Sheet Game Outcomes
A1: Game Outcomes – Summary
A3: Metric | B3: Description | C3: Current Avg | D3: Target | E3: Status
A4: Goals Scored | B4: Actual goals scored | C4: =AVERAGE(MatchData[WF Goals]) -> 2.6 | D4: =INDEX('Targets & Notes'!$B:$B, MATCH("xG (WF)", 'Targets & Notes'!$A:$A, 0)) -> 2 | E4: =IF(C4>=2,"On Track","Needs Improvement") -> On Track
A5: Goals Against | B5: Actual goals conceded | C5: =AVERAGE(MatchData[Opp Goals]) -> 2.2 | D5: =INDEX('Targets & Notes'!$B:$B, MATCH("Goals Against", 'Targets & Notes'!$A:$A, 0)) -> 1 | E5: =IF(C5<=D5,"On Track","Needs Improvement") -> Needs Improvement

Sheet Dashboard (Coach View)
A1: Wake Forest – Coach Dashboard (KPIs tied to season goals)
A3: KPI | B3: Current Avg | C3: Target | D3: Status | E3: Trend
A4: Pass % | B4: =AVERAGE(MatchData[Pass %]) -> 81.7 | C4: =INDEX('Targets & Notes'!$B:$B, MATCH("Pass %", 'Targets & Notes'!$A:$A, 0)) -> 85 | D4: =IF(B4>=C4,"On Track","Needs Improvement") -> Needs Improvement
A5: xG (WF) | B5: =AVERAGE(MatchData[xG (WF)]) -> 1.517 | C5: =INDEX('Targets & Notes'!$B:$B, MATCH("xG (WF)", 'Targets & Notes'!$A:$A, 0)) -> 2 | D5: =IF(B5>=C5,"On Track","Needs Improvement") -> Needs Improvement
A6: Box Entries | B6: =AVERAGE(MatchData[Box Entries]) -> 12.7 | C6: =INDEX('Targets & Notes'!$B:$B, MATCH("Box Entries", 'Targets & Notes'!$A:$A, 0)) -> 12 | D6: =IF(B6>=C6,"On Track","Needs Improvement") -> On Track
A7: Defensive Duels Won % | B7: =AVERAGE(MatchData[Def Duels Won %]) -> 51 | C7: =INDEX('Targets & Notes'!$B:$B, MATCH("Defensive Duels Won %", 'Targets & Notes'!$A:$A, 0)) -> 55 | D7: =IF(B7>=C7,"On Track","Needs Improvement") -> Needs Improvement
A8: Opponent Box Entries | B8: =AVERAGE(MatchData[Opp Box Entries]) -> 17.3 | C8: =INDEX('Targets & Notes'!$B:$B, MATCH("Opponent Box Entries", 'Targets & Notes'!$A:$A, 0)) -> 15 | D8: =IF(B8>=C8,"On Track","Needs Improvement") -> On Track
A9: xG (Opp) | B9: =AVERAGE(MatchData[xG (Opp)]) -> 2.212 | C9: =INDEX('Targets & Notes'!$B:$B, MATCH("xG (Opp)", 'Targets & Notes'!$A:$A, 0)) -> 1.5 | D9: =IF(B9<=C9,"On Track","Needs Improvement") -> Needs Improvement
A10: Goals Against | B10: =AVERAGE(MatchData[Opp Goals]) -> 2.2 | C10: =INDEX('Targets & Notes'!$B:$B, MATCH("Goals Against", 'Targets & Notes'!$A:$A, 0)) -> 1 | D10: =IF(B10<=C10,"On Track","Needs Improvement") -> Needs Improvement
A11: PPDA | B11: =AVERAGE(MatchData[PPDA]) -> 8.18 | C11: ="Target: "&INDEX('Targets & Notes'!$B:$B, MATCH("PPDA (min)", 'Targets & Notes'!$A:$A, 0))&"–"&INDEX('Targets & Notes'!$B:$B, MATCH("PPDA (max)", 'Targets & Notes'!$A:$A, 0)) -> Target: 6–8 | D11: =IF(AND(B11>=INDEX('Targets & Notes'!$B:$B, MATCH("PPDA (min)", 'Targets & Notes'!$A:$A, 0)), B11<=INDEX('Targets & Notes'!$B:$B, MATCH("PPDA (max)", 'Targets & Notes'!$A:$A, 0))),"On Track","Needs Improvement") -> Needs Improvement
A16: Coach view highlights KPIs aligned with goals. Trends show last matches; targets editable in '99_Targets & Notes'.
